datetime,Foreign oil,korea oil,Foreign oil_1,Foreign oil_2,Foreign oil_3,Foreign oil_4,Foreign oil_5,Foreign oil_6,Foreign oil_7,Foreign oil_8,Foreign oil_9,Foreign oil_10,korea oil_1,korea oil_2,korea oil_3,korea oil_4,korea oil_5,korea oil_6,korea oil_7,korea oil_8,korea oil_9,korea oil_10
2015-03-23,0.452287829,0.501835145,0.494890235,0.542013626,0.529838506,0.540688872,0.506560686,0.513815291,0.348725713,0.35989149600000003,0.368786273,0.40915972700000003,0.489700806,0.45772498899999997,0.396848595,0.34010425299999997,0.259300692,0.202508747,0.241306262,0.320039035,0.47587175299999995,0.6135624679999999
2015-03-30,0.520312894,0.490000714,0.452287829,0.494890235,0.542013626,0.529838506,0.540688872,0.506560686,0.513815291,0.348725713,0.35989149600000003,0.368786273,0.501835145,0.489700806,0.45772498899999997,0.396848595,0.34010425299999997,0.259300692,0.202508747,0.241306262,0.320039035,0.47587175299999995
2015-04-06,0.501450921,0.485187918,0.520312894,0.452287829,0.494890235,0.542013626,0.529838506,0.540688872,0.506560686,0.513815291,0.348725713,0.35989149600000003,0.490000714,0.501835145,0.489700806,0.45772498899999997,0.396848595,0.34010425299999997,0.259300692,0.202508747,0.241306262,0.320039035
2015-04-13,0.526347885,0.477395092,0.501450921,0.520312894,0.452287829,0.494890235,0.542013626,0.529838506,0.540688872,0.506560686,0.513815291,0.348725713,0.485187918,0.490000714,0.501835145,0.489700806,0.45772498899999997,0.396848595,0.34010425299999997,0.259300692,0.202508747,0.241306262
2015-04-20,0.607241988,0.470849498,0.526347885,0.501450921,0.520312894,0.452287829,0.494890235,0.542013626,0.529838506,0.540688872,0.506560686,0.513815291,0.477395092,0.485187918,0.490000714,0.501835145,0.489700806,0.45772498899999997,0.396848595,0.34010425299999997,0.259300692,0.202508747
2015-04-27,0.590903356,0.47736176799999996,0.607241988,0.526347885,0.501450921,0.520312894,0.452287829,0.494890235,0.542013626,0.529838506,0.540688872,0.506560686,0.470849498,0.477395092,0.485187918,0.490000714,0.501835145,0.489700806,0.45772498899999997,0.396848595,0.34010425299999997,0.259300692
2015-05-04,0.611657835,0.48978649399999996,0.590903356,0.607241988,0.526347885,0.501450921,0.520312894,0.452287829,0.494890235,0.542013626,0.529838506,0.540688872,0.47736176799999996,0.470849498,0.477395092,0.485187918,0.490000714,0.501835145,0.489700806,0.45772498899999997,0.396848595,0.34010425299999997
2015-05-11,0.701236437,0.5188489270000001,0.611657835,0.590903356,0.607241988,0.526347885,0.501450921,0.520312894,0.452287829,0.494890235,0.542013626,0.529838506,0.48978649399999996,0.47736176799999996,0.470849498,0.477395092,0.485187918,0.490000714,0.501835145,0.489700806,0.45772498899999997,0.396848595
2015-05-18,0.681554378,0.572908386,0.701236437,0.611657835,0.590903356,0.607241988,0.526347885,0.501450921,0.520312894,0.452287829,0.494890235,0.542013626,0.5188489270000001,0.48978649399999996,0.47736176799999996,0.470849498,0.477395092,0.485187918,0.490000714,0.501835145,0.489700806,0.45772498899999997
2015-05-25,0.682374464,0.625273129,0.681554378,0.701236437,0.611657835,0.590903356,0.607241988,0.526347885,0.501450921,0.520312894,0.452287829,0.494890235,0.572908386,0.5188489270000001,0.48978649399999996,0.47736176799999996,0.470849498,0.477395092,0.485187918,0.490000714,0.501835145,0.489700806
2015-06-01,0.629447388,0.651779211,0.682374464,0.681554378,0.701236437,0.611657835,0.590903356,0.607241988,0.526347885,0.501450921,0.520312894,0.452287829,0.625273129,0.572908386,0.5188489270000001,0.48978649399999996,0.47736176799999996,0.470849498,0.477395092,0.485187918,0.490000714,0.501835145
2015-06-08,0.645323408,0.669906934,0.629447388,0.682374464,0.681554378,0.701236437,0.611657835,0.590903356,0.607241988,0.526347885,0.501450921,0.520312894,0.651779211,0.625273129,0.572908386,0.5188489270000001,0.48978649399999996,0.47736176799999996,0.470849498,0.477395092,0.485187918,0.490000714
2015-06-15,0.667171335,0.68091305,0.645323408,0.629447388,0.682374464,0.681554378,0.701236437,0.611657835,0.590903356,0.607241988,0.526347885,0.501450921,0.669906934,0.651779211,0.625273129,0.572908386,0.5188489270000001,0.48978649399999996,0.47736176799999996,0.470849498,0.477395092,0.485187918
2015-06-22,0.646858441,0.6935377140000001,0.667171335,0.645323408,0.629447388,0.682374464,0.681554378,0.701236437,0.611657835,0.590903356,0.607241988,0.526347885,0.68091305,0.669906934,0.651779211,0.625273129,0.572908386,0.5188489270000001,0.48978649399999996,0.47736176799999996,0.470849498,0.477395092
2015-06-29,0.641328118,0.698698023,0.646858441,0.667171335,0.645323408,0.629447388,0.682374464,0.681554378,0.701236437,0.611657835,0.590903356,0.607241988,0.6935377140000001,0.68091305,0.669906934,0.651779211,0.625273129,0.572908386,0.5188489270000001,0.48978649399999996,0.47736176799999996,0.470849498
2015-07-06,0.61209942,0.6973222570000001,0.641328118,0.646858441,0.667171335,0.645323408,0.629447388,0.682374464,0.681554378,0.701236437,0.611657835,0.590903356,0.698698023,0.6935377140000001,0.68091305,0.669906934,0.651779211,0.625273129,0.572908386,0.5188489270000001,0.48978649399999996,0.47736176799999996
2015-07-13,0.534737993,0.68962464,0.61209942,0.641328118,0.646858441,0.667171335,0.645323408,0.629447388,0.682374464,0.681554378,0.701236437,0.611657835,0.6973222570000001,0.698698023,0.6935377140000001,0.68091305,0.669906934,0.651779211,0.625273129,0.572908386,0.5188489270000001,0.48978649399999996
2015-07-20,0.517789553,0.673001214,0.534737993,0.61209942,0.641328118,0.646858441,0.667171335,0.645323408,0.629447388,0.682374464,0.681554378,0.701236437,0.68962464,0.6973222570000001,0.698698023,0.6935377140000001,0.68091305,0.669906934,0.651779211,0.625273129,0.572908386,0.5188489270000001
2015-07-27,0.496656573,0.656934758,0.517789553,0.534737993,0.61209942,0.641328118,0.646858441,0.667171335,0.645323408,0.629447388,0.682374464,0.681554378,0.673001214,0.68962464,0.6973222570000001,0.698698023,0.6935377140000001,0.68091305,0.669906934,0.651779211,0.625273129,0.572908386
2015-08-03,0.428274035,0.637612167,0.496656573,0.517789553,0.534737993,0.61209942,0.641328118,0.646858441,0.667171335,0.645323408,0.629447388,0.682374464,0.656934758,0.673001214,0.68962464,0.6973222570000001,0.698698023,0.6935377140000001,0.68091305,0.669906934,0.651779211,0.625273129
2015-08-10,0.38443098700000006,0.617375574,0.428274035,0.496656573,0.517789553,0.534737993,0.61209942,0.641328118,0.646858441,0.667171335,0.645323408,0.629447388,0.637612167,0.656934758,0.673001214,0.68962464,0.6973222570000001,0.698698023,0.6935377140000001,0.68091305,0.669906934,0.651779211
2015-08-17,0.37875347,0.596881917,0.38443098700000006,0.428274035,0.496656573,0.517789553,0.534737993,0.61209942,0.641328118,0.646858441,0.667171335,0.645323408,0.617375574,0.637612167,0.656934758,0.673001214,0.68962464,0.6973222570000001,0.698698023,0.6935377140000001,0.68091305,0.669906934
2015-08-24,0.32050635,0.567424369,0.37875347,0.38443098700000006,0.428274035,0.496656573,0.517789553,0.534737993,0.61209942,0.641328118,0.646858441,0.667171335,0.596881917,0.617375574,0.637612167,0.656934758,0.673001214,0.68962464,0.6973222570000001,0.698698023,0.6935377140000001,0.68091305
2015-08-31,0.332513248,0.528388832,0.32050635,0.37875347,0.38443098700000006,0.428274035,0.496656573,0.517789553,0.534737993,0.61209942,0.641328118,0.646858441,0.567424369,0.596881917,0.617375574,0.637612167,0.656934758,0.673001214,0.68962464,0.6973222570000001,0.698698023,0.6935377140000001
2015-09-07,0.39010850399999997,0.506638421,0.332513248,0.32050635,0.37875347,0.38443098700000006,0.428274035,0.496656573,0.517789553,0.534737993,0.61209942,0.641328118,0.528388832,0.567424369,0.596881917,0.617375574,0.637612167,0.656934758,0.673001214,0.68962464,0.6973222570000001,0.698698023
2015-09-14,0.353478005,0.496313045,0.39010850399999997,0.332513248,0.32050635,0.37875347,0.38443098700000006,0.428274035,0.496656573,0.517789553,0.534737993,0.61209942,0.506638421,0.528388832,0.567424369,0.596881917,0.617375574,0.637612167,0.656934758,0.673001214,0.68962464,0.6973222570000001
2015-09-21,0.368975524,0.48563063799999995,0.353478005,0.39010850399999997,0.332513248,0.32050635,0.37875347,0.38443098700000006,0.428274035,0.496656573,0.517789553,0.534737993,0.496313045,0.506638421,0.528388832,0.567424369,0.596881917,0.617375574,0.637612167,0.656934758,0.673001214,0.68962464
2015-09-28,0.343426697,0.474077071,0.368975524,0.353478005,0.39010850399999997,0.332513248,0.32050635,0.37875347,0.38443098700000006,0.428274035,0.496656573,0.517789553,0.48563063799999995,0.496313045,0.506638421,0.528388832,0.567424369,0.596881917,0.617375574,0.637612167,0.656934758,0.673001214
2015-10-05,0.349135756,0.467731415,0.343426697,0.368975524,0.353478005,0.39010850399999997,0.332513248,0.32050635,0.37875347,0.38443098700000006,0.428274035,0.496656573,0.474077071,0.48563063799999995,0.496313045,0.506638421,0.528388832,0.567424369,0.596881917,0.617375574,0.637612167,0.656934758
2015-10-12,0.403923795,0.46070978,0.349135756,0.343426697,0.368975524,0.353478005,0.39010850399999997,0.332513248,0.32050635,0.37875347,0.38443098700000006,0.428274035,0.467731415,0.474077071,0.48563063799999995,0.496313045,0.506638421,0.528388832,0.567424369,0.596881917,0.617375574,0.637612167
2015-10-19,0.37604087799999997,0.45861043,0.403923795,0.349135756,0.343426697,0.368975524,0.353478005,0.39010850399999997,0.332513248,0.32050635,0.37875347,0.38443098700000006,0.46070978,0.467731415,0.474077071,0.48563063799999995,0.496313045,0.506638421,0.528388832,0.567424369,0.596881917,0.617375574
2015-10-26,0.354655564,0.445471639,0.37604087799999997,0.403923795,0.349135756,0.343426697,0.368975524,0.353478005,0.39010850399999997,0.332513248,0.32050635,0.37875347,0.45861043,0.46070978,0.467731415,0.474077071,0.48563063799999995,0.496313045,0.506638421,0.528388832,0.567424369,0.596881917
2015-11-02,0.364496593,0.427277271,0.354655564,0.37604087799999997,0.403923795,0.349135756,0.343426697,0.368975524,0.353478005,0.39010850399999997,0.332513248,0.32050635,0.445471639,0.45861043,0.46070978,0.467731415,0.474077071,0.48563063799999995,0.496313045,0.506638421,0.528388832,0.567424369
2015-11-09,0.351732694,0.407959442,0.364496593,0.354655564,0.37604087799999997,0.403923795,0.349135756,0.343426697,0.368975524,0.353478005,0.39010850399999997,0.332513248,0.427277271,0.445471639,0.45861043,0.46070978,0.467731415,0.474077071,0.48563063799999995,0.496313045,0.506638421,0.528388832
2015-11-16,0.29220287699999997,0.389403279,0.351732694,0.364496593,0.354655564,0.37604087799999997,0.403923795,0.349135756,0.343426697,0.368975524,0.353478005,0.39010850399999997,0.407959442,0.427277271,0.445471639,0.45861043,0.46070978,0.467731415,0.474077071,0.48563063799999995,0.496313045,0.506638421
2015-11-23,0.272899319,0.370809035,0.29220287699999997,0.351732694,0.364496593,0.354655564,0.37604087799999997,0.403923795,0.349135756,0.343426697,0.368975524,0.353478005,0.389403279,0.407959442,0.427277271,0.445471639,0.45861043,0.46070978,0.467731415,0.474077071,0.48563063799999995,0.496313045
2015-11-30,0.28730339,0.345083663,0.272899319,0.29220287699999997,0.351732694,0.364496593,0.354655564,0.37604087799999997,0.403923795,0.349135756,0.343426697,0.368975524,0.370809035,0.389403279,0.407959442,0.427277271,0.445471639,0.45861043,0.46070978,0.467731415,0.474077071,0.48563063799999995
2015-12-07,0.23864496600000001,0.323666484,0.28730339,0.272899319,0.29220287699999997,0.351732694,0.364496593,0.354655564,0.37604087799999997,0.403923795,0.349135756,0.343426697,0.345083663,0.370809035,0.389403279,0.407959442,0.427277271,0.445471639,0.45861043,0.46070978,0.467731415,0.474077071
2015-12-14,0.174741358,0.292128625,0.23864496600000001,0.28730339,0.272899319,0.29220287699999997,0.351732694,0.364496593,0.354655564,0.37604087799999997,0.403923795,0.349135756,0.323666484,0.345083663,0.370809035,0.389403279,0.407959442,0.427277271,0.445471639,0.45861043,0.46070978,0.467731415
2015-12-21,0.148120111,0.250517696,0.174741358,0.23864496600000001,0.28730339,0.272899319,0.29220287699999997,0.351732694,0.364496593,0.354655564,0.37604087799999997,0.403923795,0.292128625,0.323666484,0.345083663,0.370809035,0.389403279,0.407959442,0.427277271,0.445471639,0.45861043,0.46070978
2015-12-28,0.165846581,0.219455882,0.148120111,0.174741358,0.23864496600000001,0.28730339,0.272899319,0.29220287699999997,0.351732694,0.364496593,0.354655564,0.37604087799999997,0.250517696,0.292128625,0.323666484,0.345083663,0.370809035,0.389403279,0.407959442,0.427277271,0.445471639,0.45861043
2016-01-04,0.171271764,0.194420774,0.165846581,0.148120111,0.174741358,0.23864496600000001,0.28730339,0.272899319,0.29220287699999997,0.351732694,0.364496593,0.354655564,0.219455882,0.250517696,0.292128625,0.323666484,0.345083663,0.370809035,0.389403279,0.407959442,0.427277271,0.445471639
2016-01-11,0.088443099,0.16498702699999998,0.171271764,0.165846581,0.148120111,0.174741358,0.23864496600000001,0.28730339,0.272899319,0.29220287699999997,0.351732694,0.364496593,0.194420774,0.219455882,0.250517696,0.292128625,0.323666484,0.345083663,0.370809035,0.389403279,0.407959442,0.427277271
2016-01-18,0.017127176,0.133434887,0.088443099,0.171271764,0.165846581,0.148120111,0.174741358,0.23864496600000001,0.28730339,0.272899319,0.29220287699999997,0.351732694,0.16498702699999998,0.194420774,0.219455882,0.250517696,0.292128625,0.323666484,0.345083663,0.370809035,0.389403279,0.407959442
2016-01-25,0.010282614,0.09793635199999999,0.017127176,0.088443099,0.171271764,0.165846581,0.148120111,0.174741358,0.23864496600000001,0.28730339,0.272899319,0.29220287699999997,0.133434887,0.16498702699999998,0.194420774,0.219455882,0.250517696,0.292128625,0.323666484,0.345083663,0.370809035,0.389403279
2016-02-01,0.056333586,0.075371908,0.010282614,0.017127176,0.088443099,0.171271764,0.165846581,0.148120111,0.174741358,0.23864496600000001,0.28730339,0.272899319,0.09793635199999999,0.133434887,0.16498702699999998,0.194420774,0.219455882,0.250517696,0.292128625,0.323666484,0.345083663,0.370809035
2016-02-08,0.06144335099999999,0.056753862,0.056333586,0.010282614,0.017127176,0.088443099,0.171271764,0.165846581,0.148120111,0.174741358,0.23864496600000001,0.28730339,0.075371908,0.09793635199999999,0.133434887,0.16498702699999998,0.194420774,0.219455882,0.250517696,0.292128625,0.323666484,0.345083663
2016-02-15,0.0,0.042253587,0.06144335099999999,0.056333586,0.010282614,0.017127176,0.088443099,0.171271764,0.165846581,0.148120111,0.174741358,0.23864496600000001,0.056753862,0.075371908,0.09793635199999999,0.133434887,0.16498702699999998,0.194420774,0.219455882,0.250517696,0.292128625,0.323666484
2016-02-22,0.072924552,0.020331801,0.0,0.06144335099999999,0.056333586,0.010282614,0.017127176,0.088443099,0.171271764,0.165846581,0.148120111,0.174741358,0.042253587,0.056753862,0.075371908,0.09793635199999999,0.133434887,0.16498702699999998,0.194420774,0.219455882,0.250517696,0.292128625
2016-02-29,0.0945622,0.007178729,0.072924552,0.0,0.06144335099999999,0.056333586,0.010282614,0.017127176,0.088443099,0.171271764,0.165846581,0.148120111,0.020331801,0.042253587,0.056753862,0.075371908,0.09793635199999999,0.133434887,0.16498702699999998,0.194420774,0.219455882,0.250517696
2016-03-07,0.156720498,0.0,0.0945622,0.072924552,0.0,0.06144335099999999,0.056333586,0.010282614,0.017127176,0.088443099,0.171271764,0.165846581,0.007178729,0.020331801,0.042253587,0.056753862,0.075371908,0.09793635199999999,0.133434887,0.16498702699999998,0.194420774,0.219455882
2016-03-14,0.184897805,0.008435483,0.156720498,0.0945622,0.072924552,0.0,0.06144335099999999,0.056333586,0.010282614,0.017127176,0.088443099,0.171271764,0.0,0.007178729,0.020331801,0.042253587,0.056753862,0.075371908,0.09793635199999999,0.133434887,0.16498702699999998,0.194420774
2016-03-21,0.193350997,0.033770499,0.184897805,0.156720498,0.0945622,0.072924552,0.0,0.06144335099999999,0.056333586,0.010282614,0.017127176,0.088443099,0.008435483,0.0,0.007178729,0.020331801,0.042253587,0.056753862,0.075371908,0.09793635199999999,0.133434887,0.16498702699999998
2016-03-28,0.213064598,0.056449192999999995,0.193350997,0.184897805,0.156720498,0.0945622,0.072924552,0.0,0.06144335099999999,0.056333586,0.010282614,0.017127176,0.033770499,0.008435483,0.0,0.007178729,0.020331801,0.042253587,0.056753862,0.075371908,0.09793635199999999,0.133434887
2016-04-04,0.20092101899999998,0.06451812400000001,0.213064598,0.193350997,0.184897805,0.156720498,0.0945622,0.072924552,0.0,0.06144335099999999,0.056333586,0.010282614,0.056449192999999995,0.033770499,0.008435483,0.0,0.007178729,0.020331801,0.042253587,0.056753862,0.075371908,0.09793635199999999
2016-04-11,0.19019682100000002,0.06283293200000001,0.20092101899999998,0.213064598,0.193350997,0.184897805,0.156720498,0.0945622,0.072924552,0.0,0.06144335099999999,0.056333586,0.06451812400000001,0.056449192999999995,0.033770499,0.008435483,0.0,0.007178729,0.020331801,0.042253587,0.056753862,0.075371908
2016-04-18,0.24920094199999998,0.060790707,0.19019682100000002,0.20092101899999998,0.213064598,0.193350997,0.184897805,0.156720498,0.0945622,0.072924552,0.0,0.06144335099999999,0.06283293200000001,0.06451812400000001,0.056449192999999995,0.033770499,0.008435483,0.0,0.007178729,0.020331801,0.042253587,0.056753862
2016-04-25,0.271953066,0.060505080999999995,0.24920094199999998,0.19019682100000002,0.20092101899999998,0.213064598,0.193350997,0.184897805,0.156720498,0.0945622,0.072924552,0.0,0.060790707,0.06283293200000001,0.06451812400000001,0.056449192999999995,0.033770499,0.008435483,0.0,0.007178729,0.020331801,0.042253587
2016-05-02,0.30970855399999997,0.063637446,0.271953066,0.24920094199999998,0.19019682100000002,0.20092101899999998,0.213064598,0.193350997,0.184897805,0.156720498,0.0945622,0.072924552,0.060505080999999995,0.060790707,0.06283293200000001,0.06451812400000001,0.056449192999999995,0.033770499,0.008435483,0.0,0.007178729,0.020331801
2016-05-09,0.303242493,0.09236664800000001,0.30970855399999997,0.271953066,0.24920094199999998,0.19019682100000002,0.20092101899999998,0.213064598,0.193350997,0.184897805,0.156720498,0.0945622,0.063637446,0.060505080999999995,0.060790707,0.06283293200000001,0.06451812400000001,0.056449192999999995,0.033770499,0.008435483,0.0,0.007178729
2016-05-16,0.34273277799999996,0.11083236099999999,0.303242493,0.30970855399999997,0.271953066,0.24920094199999998,0.19019682100000002,0.20092101899999998,0.213064598,0.193350997,0.184897805,0.156720498,0.09236664800000001,0.063637446,0.060505080999999995,0.060790707,0.06283293200000001,0.06451812400000001,0.056449192999999995,0.033770499,0.008435483,0.0
2016-05-23,0.367040962,0.153685762,0.34273277799999996,0.303242493,0.30970855399999997,0.271953066,0.24920094199999998,0.19019682100000002,0.20092101899999998,0.213064598,0.193350997,0.184897805,0.11083236099999999,0.09236664800000001,0.063637446,0.060505080999999995,0.060790707,0.06283293200000001,0.06451812400000001,0.056449192999999995,0.033770499,0.008435483
2016-05-30,0.379952057,0.210772855,0.367040962,0.34273277799999996,0.303242493,0.30970855399999997,0.271953066,0.24920094199999998,0.19019682100000002,0.20092101899999998,0.213064598,0.193350997,0.153685762,0.11083236099999999,0.09236664800000001,0.063637446,0.060505080999999995,0.060790707,0.06283293200000001,0.06451812400000001,0.056449192999999995,0.033770499
2016-06-06,0.388026748,0.248075595,0.379952057,0.367040962,0.34273277799999996,0.303242493,0.30970855399999997,0.271953066,0.24920094199999998,0.19019682100000002,0.20092101899999998,0.213064598,0.210772855,0.153685762,0.11083236099999999,0.09236664800000001,0.063637446,0.060505080999999995,0.060790707,0.06283293200000001,0.06451812400000001,0.056449192999999995
2016-06-13,0.404344352,0.272725108,0.388026748,0.379952057,0.367040962,0.34273277799999996,0.303242493,0.30970855399999997,0.271953066,0.24920094199999998,0.19019682100000002,0.20092101899999998,0.248075595,0.210772855,0.153685762,0.11083236099999999,0.09236664800000001,0.063637446,0.060505080999999995,0.060790707,0.06283293200000001,0.06451812400000001
2016-06-20,0.35068130200000003,0.28914859600000004,0.404344352,0.388026748,0.379952057,0.367040962,0.34273277799999996,0.303242493,0.30970855399999997,0.271953066,0.24920094199999998,0.19019682100000002,0.272725108,0.248075595,0.210772855,0.153685762,0.11083236099999999,0.09236664800000001,0.063637446,0.060505080999999995,0.060790707,0.06283293200000001
2016-06-27,0.39250567799999997,0.291890605,0.35068130200000003,0.404344352,0.388026748,0.379952057,0.367040962,0.34273277799999996,0.303242493,0.30970855399999997,0.271953066,0.24920094199999998,0.28914859600000004,0.272725108,0.248075595,0.210772855,0.153685762,0.11083236099999999,0.09236664800000001,0.063637446,0.060505080999999995,0.060790707
2016-07-04,0.37503154200000005,0.292918858,0.39250567799999997,0.35068130200000003,0.404344352,0.388026748,0.379952057,0.367040962,0.34273277799999996,0.303242493,0.30970855399999997,0.271953066,0.291890605,0.28914859600000004,0.272725108,0.248075595,0.210772855,0.153685762,0.11083236099999999,0.09236664800000001,0.063637446,0.060505080999999995
2016-07-11,0.364559677,0.291162259,0.37503154200000005,0.39250567799999997,0.35068130200000003,0.404344352,0.388026748,0.379952057,0.367040962,0.34273277799999996,0.303242493,0.30970855399999997,0.292918858,0.291890605,0.28914859600000004,0.272725108,0.248075595,0.210772855,0.153685762,0.11083236099999999,0.09236664800000001,0.063637446
2016-07-18,0.34203886,0.282760096,0.364559677,0.37503154200000005,0.39250567799999997,0.35068130200000003,0.404344352,0.388026748,0.379952057,0.367040962,0.34273277799999996,0.303242493,0.291162259,0.292918858,0.291890605,0.28914859600000004,0.272725108,0.248075595,0.210772855,0.153685762,0.11083236099999999,0.09236664800000001
2016-07-25,0.32147363100000004,0.268726346,0.34203886,0.364559677,0.37503154200000005,0.39250567799999997,0.35068130200000003,0.404344352,0.388026748,0.379952057,0.367040962,0.34273277799999996,0.282760096,0.291162259,0.292918858,0.291890605,0.28914859600000004,0.272725108,0.248075595,0.210772855,0.153685762,0.11083236099999999
2016-08-01,0.28210951300000003,0.252717015,0.32147363100000004,0.34203886,0.364559677,0.37503154200000005,0.39250567799999997,0.35068130200000003,0.404344352,0.388026748,0.379952057,0.367040962,0.268726346,0.282760096,0.291162259,0.292918858,0.291890605,0.28914859600000004,0.272725108,0.248075595,0.210772855,0.153685762
2016-08-08,0.267642359,0.227396281,0.28210951300000003,0.32147363100000004,0.34203886,0.364559677,0.37503154200000005,0.39250567799999997,0.35068130200000003,0.404344352,0.388026748,0.379952057,0.252717015,0.268726346,0.282760096,0.291162259,0.292918858,0.291890605,0.28914859600000004,0.272725108,0.248075595,0.210772855
2016-08-15,0.304882665,0.202603955,0.267642359,0.28210951300000003,0.32147363100000004,0.34203886,0.364559677,0.37503154200000005,0.39250567799999997,0.35068130200000003,0.404344352,0.388026748,0.227396281,0.252717015,0.268726346,0.282760096,0.291162259,0.292918858,0.291890605,0.28914859600000004,0.272725108,0.248075595
2016-08-22,0.361910169,0.191221764,0.304882665,0.267642359,0.28210951300000003,0.32147363100000004,0.34203886,0.364559677,0.37503154200000005,0.39250567799999997,0.35068130200000003,0.404344352,0.202603955,0.227396281,0.252717015,0.268726346,0.282760096,0.291162259,0.292918858,0.291890605,0.28914859600000004,0.272725108
2016-08-29,0.36563209700000004,0.19195011,0.361910169,0.304882665,0.267642359,0.28210951300000003,0.32147363100000004,0.34203886,0.364559677,0.37503154200000005,0.39250567799999997,0.35068130200000003,0.191221764,0.202603955,0.227396281,0.252717015,0.268726346,0.282760096,0.291162259,0.292918858,0.291890605,0.28914859600000004
2016-09-05,0.298511229,0.195648965,0.36563209700000004,0.361910169,0.304882665,0.267642359,0.28210951300000003,0.32147363100000004,0.34203886,0.364559677,0.37503154200000005,0.39250567799999997,0.19195011,0.191221764,0.202603955,0.227396281,0.252717015,0.268726346,0.282760096,0.291162259,0.292918858,0.291890605
2016-09-12,0.34330053,0.194749244,0.298511229,0.36563209700000004,0.361910169,0.304882665,0.267642359,0.28210951300000003,0.32147363100000004,0.34203886,0.364559677,0.37503154200000005,0.195648965,0.19195011,0.191221764,0.202603955,0.227396281,0.252717015,0.268726346,0.282760096,0.291162259,0.292918858
2016-09-19,0.315501724,0.19651060399999998,0.34330053,0.298511229,0.36563209700000004,0.361910169,0.304882665,0.267642359,0.28210951300000003,0.32147363100000004,0.34203886,0.364559677,0.194749244,0.195648965,0.19195011,0.191221764,0.202603955,0.227396281,0.252717015,0.268726346,0.282760096,0.291162259
2016-09-26,0.343111279,0.193192582,0.315501724,0.34330053,0.298511229,0.36563209700000004,0.361910169,0.304882665,0.267642359,0.28210951300000003,0.32147363100000004,0.34203886,0.19651060399999998,0.194749244,0.195648965,0.19195011,0.191221764,0.202603955,0.227396281,0.252717015,0.268726346,0.282760096
2016-10-03,0.38001514,0.19075048100000003,0.343111279,0.315501724,0.34330053,0.298511229,0.36563209700000004,0.361910169,0.304882665,0.267642359,0.28210951300000003,0.32147363100000004,0.193192582,0.19651060399999998,0.194749244,0.195648965,0.19195011,0.191221764,0.202603955,0.227396281,0.252717015,0.268726346
2016-10-10,0.436474893,0.19263561199999998,0.38001514,0.343111279,0.315501724,0.34330053,0.298511229,0.36563209700000004,0.361910169,0.304882665,0.267642359,0.28210951300000003,0.19075048100000003,0.193192582,0.19651060399999998,0.194749244,0.195648965,0.19195011,0.191221764,0.202603955,0.227396281,0.252717015
2016-10-17,0.428400202,0.212015328,0.436474893,0.38001514,0.343111279,0.315501724,0.34330053,0.298511229,0.36563209700000004,0.361910169,0.304882665,0.267642359,0.19263561199999998,0.19075048100000003,0.193192582,0.19651060399999998,0.194749244,0.195648965,0.19195011,0.191221764,0.202603955,0.227396281
2016-10-24,0.430145513,0.233489632,0.428400202,0.436474893,0.38001514,0.343111279,0.315501724,0.34330053,0.298511229,0.36563209700000004,0.361910169,0.304882665,0.212015328,0.19263561199999998,0.19075048100000003,0.193192582,0.19651060399999998,0.194749244,0.195648965,0.19195011,0.191221764,0.202603955
2016-10-31,0.416855917,0.24906100399999997,0.430145513,0.428400202,0.436474893,0.38001514,0.343111279,0.315501724,0.34330053,0.298511229,0.36563209700000004,0.361910169,0.233489632,0.212015328,0.19263561199999998,0.19075048100000003,0.193192582,0.19651060399999998,0.194749244,0.195648965,0.19195011,0.191221764
2016-11-07,0.33213474600000004,0.254373646,0.416855917,0.430145513,0.428400202,0.436474893,0.38001514,0.343111279,0.315501724,0.34330053,0.298511229,0.36563209700000004,0.24906100399999997,0.233489632,0.212015328,0.19263561199999998,0.19075048100000003,0.193192582,0.19651060399999998,0.194749244,0.195648965,0.19195011
2016-11-14,0.305240138,0.252436151,0.33213474600000004,0.416855917,0.430145513,0.428400202,0.436474893,0.38001514,0.343111279,0.315501724,0.34330053,0.298511229,0.254373646,0.24906100399999997,0.233489632,0.212015328,0.19263561199999998,0.19075048100000003,0.193192582,0.19651060399999998,0.194749244,0.195648965
2016-11-21,0.328286652,0.244990835,0.305240138,0.33213474600000004,0.416855917,0.430145513,0.428400202,0.436474893,0.38001514,0.343111279,0.315501724,0.34330053,0.252436151,0.254373646,0.24906100399999997,0.233489632,0.212015328,0.19263561199999998,0.19075048100000003,0.193192582,0.19651060399999998,0.194749244
2016-11-28,0.365127429,0.241120605,0.328286652,0.305240138,0.33213474600000004,0.416855917,0.430145513,0.428400202,0.436474893,0.38001514,0.343111279,0.315501724,0.244990835,0.252436151,0.254373646,0.24906100399999997,0.233489632,0.212015328,0.19263561199999998,0.19075048100000003,0.193192582,0.19651060399999998
2016-12-05,0.394272016,0.24930378600000003,0.365127429,0.328286652,0.305240138,0.33213474600000004,0.416855917,0.430145513,0.428400202,0.436474893,0.38001514,0.343111279,0.241120605,0.244990835,0.252436151,0.254373646,0.24906100399999997,0.233489632,0.212015328,0.19263561199999998,0.19075048100000003,0.193192582
2016-12-12,0.44126924100000003,0.28002284899999996,0.394272016,0.365127429,0.328286652,0.305240138,0.33213474600000004,0.416855917,0.430145513,0.428400202,0.436474893,0.38001514,0.24930378600000003,0.241120605,0.244990835,0.252436151,0.254373646,0.24906100399999997,0.233489632,0.212015328,0.19263561199999998,0.19075048100000003
2016-12-19,0.482609976,0.332163853,0.44126924100000003,0.394272016,0.365127429,0.328286652,0.305240138,0.33213474600000004,0.416855917,0.430145513,0.428400202,0.436474893,0.28002284899999996,0.24930378600000003,0.241120605,0.244990835,0.252436151,0.254373646,0.24906100399999997,0.233489632,0.212015328,0.19263561199999998
2016-12-26,0.484292203,0.369880751,0.482609976,0.44126924100000003,0.394272016,0.365127429,0.328286652,0.305240138,0.33213474600000004,0.416855917,0.430145513,0.428400202,0.332163853,0.28002284899999996,0.24930378600000003,0.241120605,0.244990835,0.252436151,0.254373646,0.24906100399999997,0.233489632,0.212015328
2017-01-02,0.49962149899999997,0.40935900799999997,0.484292203,0.482609976,0.44126924100000003,0.394272016,0.365127429,0.328286652,0.305240138,0.33213474600000004,0.416855917,0.430145513,0.369880751,0.332163853,0.28002284899999996,0.24930378600000003,0.241120605,0.244990835,0.252436151,0.254373646,0.24906100399999997,0.233489632
2017-01-09,0.51879889,0.457596458,0.49962149899999997,0.484292203,0.482609976,0.44126924100000003,0.394272016,0.365127429,0.328286652,0.305240138,0.33213474600000004,0.416855917,0.40935900799999997,0.369880751,0.332163853,0.28002284899999996,0.24930378600000003,0.241120605,0.244990835,0.252436151,0.254373646,0.24906100399999997
2017-01-16,0.489212718,0.481446219,0.51879889,0.49962149899999997,0.484292203,0.482609976,0.44126924100000003,0.394272016,0.365127429,0.328286652,0.305240138,0.33213474600000004,0.457596458,0.40935900799999997,0.369880751,0.332163853,0.28002284899999996,0.24930378600000003,0.241120605,0.244990835,0.252436151,0.254373646
2017-01-23,0.494974346,0.493942351,0.489212718,0.51879889,0.49962149899999997,0.484292203,0.482609976,0.44126924100000003,0.394272016,0.365127429,0.328286652,0.305240138,0.481446219,0.457596458,0.40935900799999997,0.369880751,0.332163853,0.28002284899999996,0.24930378600000003,0.241120605,0.244990835,0.252436151
2017-01-30,0.50876861,0.501968438,0.494974346,0.489212718,0.51879889,0.49962149899999997,0.484292203,0.482609976,0.44126924100000003,0.394272016,0.365127429,0.328286652,0.493942351,0.481446219,0.457596458,0.40935900799999997,0.369880751,0.332163853,0.28002284899999996,0.24930378600000003,0.241120605,0.244990835
2017-02-06,0.516906384,0.505010353,0.50876861,0.494974346,0.489212718,0.51879889,0.49962149899999997,0.484292203,0.482609976,0.44126924100000003,0.394272016,0.365127429,0.501968438,0.493942351,0.481446219,0.457596458,0.40935900799999997,0.369880751,0.332163853,0.28002284899999996,0.24930378600000003,0.241120605
2017-02-13,0.5031752039999999,0.505738699,0.516906384,0.50876861,0.494974346,0.489212718,0.51879889,0.49962149899999997,0.484292203,0.482609976,0.44126924100000003,0.394272016,0.505010353,0.501968438,0.493942351,0.481446219,0.457596458,0.40935900799999997,0.369880751,0.332163853,0.28002284899999996,0.24930378600000003
2017-02-20,0.5044158470000001,0.504353414,0.5031752039999999,0.516906384,0.50876861,0.494974346,0.489212718,0.51879889,0.49962149899999997,0.484292203,0.482609976,0.44126924100000003,0.505738699,0.505010353,0.501968438,0.493942351,0.481446219,0.457596458,0.40935900799999997,0.369880751,0.332163853,0.28002284899999996
2017-02-27,0.508011607,0.502696784,0.5044158470000001,0.5031752039999999,0.516906384,0.50876861,0.494974346,0.489212718,0.51879889,0.49962149899999997,0.484292203,0.482609976,0.504353414,0.505738699,0.505010353,0.501968438,0.493942351,0.481446219,0.457596458,0.40935900799999997,0.369880751,0.332163853
2017-03-06,0.508095719,0.498845596,0.508011607,0.5044158470000001,0.5031752039999999,0.516906384,0.50876861,0.494974346,0.489212718,0.51879889,0.49962149899999997,0.484292203,0.502696784,0.504353414,0.505738699,0.505010353,0.501968438,0.493942351,0.481446219,0.457596458,0.40935900799999997,0.369880751
2017-03-13,0.442278577,0.49132887399999997,0.508095719,0.508011607,0.5044158470000001,0.5031752039999999,0.516906384,0.50876861,0.494974346,0.489212718,0.51879889,0.49962149899999997,0.498845596,0.502696784,0.504353414,0.505738699,0.505010353,0.501968438,0.493942351,0.481446219,0.457596458,0.40935900799999997
2017-03-20,0.434519304,0.479989527,0.442278577,0.508095719,0.508011607,0.5044158470000001,0.5031752039999999,0.516906384,0.50876861,0.494974346,0.489212718,0.51879889,0.49132887399999997,0.498845596,0.502696784,0.504353414,0.505738699,0.505010353,0.501968438,0.493942351,0.481446219,0.457596458
2017-03-27,0.418643284,0.458372409,0.434519304,0.442278577,0.508095719,0.508011607,0.5044158470000001,0.5031752039999999,0.516906384,0.50876861,0.494974346,0.489212718,0.479989527,0.49132887399999997,0.498845596,0.502696784,0.504353414,0.505738699,0.505010353,0.501968438,0.493942351,0.481446219
2017-04-03,0.450164017,0.43386094700000005,0.418643284,0.434519304,0.442278577,0.508095719,0.508011607,0.5044158470000001,0.5031752039999999,0.516906384,0.50876861,0.494974346,0.458372409,0.479989527,0.49132887399999997,0.498845596,0.502696784,0.504353414,0.505738699,0.505010353,0.501968438,0.493942351
2017-04-10,0.472117083,0.420322281,0.450164017,0.418643284,0.434519304,0.442278577,0.508095719,0.508011607,0.5044158470000001,0.5031752039999999,0.516906384,0.50876861,0.43386094700000005,0.458372409,0.479989527,0.49132887399999997,0.498845596,0.502696784,0.504353414,0.505738699,0.505010353,0.501968438
2017-04-17,0.5008516279999999,0.418936995,0.472117083,0.450164017,0.418643284,0.434519304,0.442278577,0.508095719,0.508011607,0.5044158470000001,0.5031752039999999,0.516906384,0.420322281,0.43386094700000005,0.458372409,0.479989527,0.49132887399999997,0.498845596,0.502696784,0.504353414,0.505738699,0.505010353
2017-04-24,0.458364875,0.422021755,0.5008516279999999,0.472117083,0.450164017,0.418643284,0.434519304,0.442278577,0.508095719,0.508011607,0.5044158470000001,0.5031752039999999,0.418936995,0.420322281,0.43386094700000005,0.458372409,0.479989527,0.49132887399999997,0.498845596,0.502696784,0.504353414,0.505738699
2017-05-01,0.436853394,0.419327351,0.458364875,0.5008516279999999,0.472117083,0.450164017,0.418643284,0.434519304,0.442278577,0.508095719,0.508011607,0.5044158470000001,0.422021755,0.418936995,0.420322281,0.43386094700000005,0.458372409,0.479989527,0.49132887399999997,0.498845596,0.502696784,0.504353414
2017-05-08,0.368344688,0.41535239,0.436853394,0.458364875,0.5008516279999999,0.472117083,0.450164017,0.418643284,0.434519304,0.442278577,0.508095719,0.508011607,0.419327351,0.422021755,0.418936995,0.420322281,0.43386094700000005,0.458372409,0.479989527,0.49132887399999997,0.498845596,0.502696784
2017-05-15,0.40083270200000004,0.407797586,0.368344688,0.436853394,0.458364875,0.5008516279999999,0.472117083,0.450164017,0.418643284,0.434519304,0.442278577,0.508095719,0.41535239,0.419327351,0.422021755,0.418936995,0.420322281,0.43386094700000005,0.458372409,0.479989527,0.49132887399999997,0.498845596
2017-05-22,0.444044916,0.39831480700000005,0.40083270200000004,0.368344688,0.436853394,0.458364875,0.5008516279999999,0.472117083,0.450164017,0.418643284,0.434519304,0.442278577,0.407797586,0.41535239,0.419327351,0.422021755,0.418936995,0.420322281,0.43386094700000005,0.458372409,0.479989527,0.49132887399999997
2017-05-29,0.427012364,0.392088163,0.444044916,0.40083270200000004,0.368344688,0.436853394,0.458364875,0.5008516279999999,0.472117083,0.450164017,0.418643284,0.434519304,0.39831480700000005,0.407797586,0.41535239,0.419327351,0.422021755,0.418936995,0.420322281,0.43386094700000005,0.458372409,0.479989527
2017-06-05,0.416288166,0.385247423,0.427012364,0.444044916,0.40083270200000004,0.368344688,0.436853394,0.458364875,0.5008516279999999,0.472117083,0.450164017,0.418643284,0.392088163,0.39831480700000005,0.407797586,0.41535239,0.419327351,0.422021755,0.418936995,0.420322281,0.43386094700000005,0.458372409
2017-06-12,0.38007822399999996,0.37086616,0.416288166,0.427012364,0.444044916,0.40083270200000004,0.368344688,0.436853394,0.458364875,0.5008516279999999,0.472117083,0.450164017,0.385247423,0.392088163,0.39831480700000005,0.407797586,0.41535239,0.419327351,0.422021755,0.418936995,0.420322281,0.43386094700000005
2017-06-19,0.345697704,0.346459429,0.38007822399999996,0.416288166,0.427012364,0.444044916,0.40083270200000004,0.368344688,0.436853394,0.458364875,0.5008516279999999,0.472117083,0.37086616,0.385247423,0.392088163,0.39831480700000005,0.407797586,0.41535239,0.419327351,0.422021755,0.418936995,0.420322281
2017-06-26,0.316490033,0.32215266600000003,0.345697704,0.38007822399999996,0.416288166,0.427012364,0.444044916,0.40083270200000004,0.368344688,0.436853394,0.458364875,0.5008516279999999,0.346459429,0.37086616,0.385247423,0.392088163,0.39831480700000005,0.407797586,0.41535239,0.419327351,0.422021755,0.418936995
2017-07-03,0.351280596,0.297879228,0.316490033,0.345697704,0.38007822399999996,0.416288166,0.427012364,0.444044916,0.40083270200000004,0.368344688,0.436853394,0.458364875,0.32215266600000003,0.346459429,0.37086616,0.385247423,0.392088163,0.39831480700000005,0.407797586,0.41535239,0.419327351,0.422021755
2017-07-10,0.35534948299999997,0.282622045,0.351280596,0.316490033,0.345697704,0.38007822399999996,0.416288166,0.427012364,0.444044916,0.40083270200000004,0.368344688,0.436853394,0.297879228,0.32215266600000003,0.346459429,0.37086616,0.385247423,0.392088163,0.39831480700000005,0.407797586,0.41535239,0.419327351
2017-07-17,0.36498023399999996,0.280332276,0.35534948299999997,0.351280596,0.316490033,0.345697704,0.38007822399999996,0.416288166,0.427012364,0.444044916,0.40083270200000004,0.368344688,0.282622045,0.297879228,0.32215266600000003,0.346459429,0.37086616,0.385247423,0.392088163,0.39831480700000005,0.407797586,0.41535239
2017-07-24,0.379952057,0.278651845,0.36498023399999996,0.35534948299999997,0.351280596,0.316490033,0.345697704,0.38007822399999996,0.416288166,0.427012364,0.444044916,0.40083270200000004,0.280332276,0.282622045,0.297879228,0.32215266600000003,0.346459429,0.37086616,0.385247423,0.392088163,0.39831480700000005,0.407797586
2017-07-31,0.40411304600000003,0.279908599,0.379952057,0.36498023399999996,0.35534948299999997,0.351280596,0.316490033,0.345697704,0.38007822399999996,0.416288166,0.427012364,0.444044916,0.278651845,0.280332276,0.282622045,0.297879228,0.32215266600000003,0.346459429,0.37086616,0.385247423,0.392088163,0.39831480700000005
2017-08-07,0.436748255,0.28857734399999996,0.40411304600000003,0.379952057,0.36498023399999996,0.35534948299999997,0.351280596,0.316490033,0.345697704,0.38007822399999996,0.416288166,0.427012364,0.279908599,0.278651845,0.280332276,0.282622045,0.297879228,0.32215266600000003,0.346459429,0.37086616,0.385247423,0.392088163
2017-08-14,0.428400202,0.310656225,0.436748255,0.40411304600000003,0.379952057,0.36498023399999996,0.35534948299999997,0.351280596,0.316490033,0.345697704,0.38007822399999996,0.416288166,0.28857734399999996,0.279908599,0.278651845,0.280332276,0.282622045,0.297879228,0.32215266600000003,0.346459429,0.37086616,0.385247423
2017-08-21,0.40026495100000004,0.326679837,0.428400202,0.436748255,0.40411304600000003,0.379952057,0.36498023399999996,0.35534948299999997,0.351280596,0.316490033,0.345697704,0.38007822399999996,0.310656225,0.28857734399999996,0.279908599,0.278651845,0.280332276,0.282622045,0.297879228,0.32215266600000003,0.346459429,0.37086616
2017-08-28,0.419274119,0.339333063,0.40026495100000004,0.428400202,0.436748255,0.40411304600000003,0.379952057,0.36498023399999996,0.35534948299999997,0.351280596,0.316490033,0.345697704,0.326679837,0.310656225,0.28857734399999996,0.279908599,0.278651845,0.280332276,0.282622045,0.297879228,0.32215266600000003,0.346459429
2017-09-04,0.42051476200000004,0.35307166799999995,0.419274119,0.40026495100000004,0.428400202,0.436748255,0.40411304600000003,0.379952057,0.36498023399999996,0.35534948299999997,0.351280596,0.316490033,0.339333063,0.326679837,0.310656225,0.28857734399999996,0.279908599,0.278651845,0.280332276,0.282622045,0.297879228,0.32215266600000003
2017-09-11,0.46019429700000003,0.36790993200000005,0.42051476200000004,0.419274119,0.40026495100000004,0.428400202,0.436748255,0.40411304600000003,0.379952057,0.36498023399999996,0.35534948299999997,0.351280596,0.35307166799999995,0.339333063,0.326679837,0.310656225,0.28857734399999996,0.279908599,0.278651845,0.280332276,0.282622045,0.297879228
2017-09-18,0.468899823,0.39888605899999996,0.46019429700000003,0.42051476200000004,0.419274119,0.40026495100000004,0.428400202,0.436748255,0.40411304600000003,0.379952057,0.36498023399999996,0.35534948299999997,0.36790993200000005,0.35307166799999995,0.339333063,0.326679837,0.310656225,0.28857734399999996,0.279908599,0.278651845,0.280332276,0.282622045
2017-09-25,0.48776179700000005,0.423906885,0.468899823,0.46019429700000003,0.42051476200000004,0.419274119,0.40026495100000004,0.428400202,0.436748255,0.40411304600000003,0.379952057,0.36498023399999996,0.39888605899999996,0.36790993200000005,0.35307166799999995,0.339333063,0.326679837,0.310656225,0.28857734399999996,0.279908599,0.278651845,0.280332276
2017-10-02,0.500820086,0.446737913,0.48776179700000005,0.468899823,0.46019429700000003,0.42051476200000004,0.419274119,0.40026495100000004,0.428400202,0.436748255,0.40411304600000003,0.379952057,0.423906885,0.39888605899999996,0.36790993200000005,0.35307166799999995,0.339333063,0.326679837,0.310656225,0.28857734399999996,0.279908599,0.278651845
2017-10-09,0.503595761,0.462909099,0.500820086,0.48776179700000005,0.468899823,0.46019429700000003,0.42051476200000004,0.419274119,0.40026495100000004,0.428400202,0.436748255,0.40411304600000003,0.446737913,0.423906885,0.39888605899999996,0.36790993200000005,0.35307166799999995,0.339333063,0.326679837,0.310656225,0.28857734399999996,0.279908599
2017-10-16,0.504037346,0.46807892700000003,0.503595761,0.500820086,0.48776179700000005,0.468899823,0.46019429700000003,0.42051476200000004,0.419274119,0.40026495100000004,0.428400202,0.436748255,0.462909099,0.446737913,0.423906885,0.39888605899999996,0.36790993200000005,0.35307166799999995,0.339333063,0.326679837,0.310656225,0.28857734399999996
2017-10-23,0.515438641,0.47388189399999997,0.504037346,0.503595761,0.500820086,0.48776179700000005,0.468899823,0.46019429700000003,0.42051476200000004,0.419274119,0.40026495100000004,0.428400202,0.46807892700000003,0.462909099,0.446737913,0.423906885,0.39888605899999996,0.36790993200000005,0.35307166799999995,0.339333063,0.326679837,0.310656225
2017-10-30,0.531264194,0.47700473600000004,0.515438641,0.504037346,0.503595761,0.500820086,0.48776179700000005,0.468899823,0.46019429700000003,0.42051476200000004,0.419274119,0.40026495100000004,0.47388189399999997,0.46807892700000003,0.462909099,0.446737913,0.423906885,0.39888605899999996,0.36790993200000005,0.35307166799999995,0.339333063,0.326679837
2017-11-06,0.5699911679999999,0.483174255,0.531264194,0.515438641,0.504037346,0.503595761,0.500820086,0.48776179700000005,0.468899823,0.46019429700000003,0.42051476200000004,0.419274119,0.47700473600000004,0.47388189399999997,0.46807892700000003,0.462909099,0.446737913,0.423906885,0.39888605899999996,0.36790993200000005,0.35307166799999995,0.339333063
2017-11-13,0.620817562,0.5009021020000001,0.5699911679999999,0.531264194,0.515438641,0.504037346,0.503595761,0.500820086,0.48776179700000005,0.468899823,0.46019429700000003,0.42051476200000004,0.483174255,0.47700473600000004,0.47388189399999997,0.46807892700000003,0.462909099,0.446737913,0.423906885,0.39888605899999996,0.36790993200000005,0.35307166799999995
2017-11-20,0.59015897,0.525404041,0.620817562,0.5699911679999999,0.531264194,0.515438641,0.504037346,0.503595761,0.500820086,0.48776179700000005,0.468899823,0.46019429700000003,0.5009021020000001,0.483174255,0.47700473600000004,0.47388189399999997,0.46807892700000003,0.462909099,0.446737913,0.423906885,0.39888605899999996,0.36790993200000005
2017-11-27,0.624198839,0.5390855210000001,0.59015897,0.620817562,0.5699911679999999,0.531264194,0.515438641,0.504037346,0.503595761,0.500820086,0.48776179700000005,0.468899823,0.525404041,0.5009021020000001,0.483174255,0.47700473600000004,0.47388189399999997,0.46807892700000003,0.462909099,0.446737913,0.423906885,0.39888605899999996
2017-12-04,0.626003028,0.554352224,0.624198839,0.59015897,0.620817562,0.5699911679999999,0.531264194,0.515438641,0.504037346,0.503595761,0.500820086,0.48776179700000005,0.5390855210000001,0.525404041,0.5009021020000001,0.483174255,0.47700473600000004,0.47388189399999997,0.46807892700000003,0.462909099,0.446737913,0.423906885
2017-12-11,0.588884683,0.564963225,0.626003028,0.624198839,0.59015897,0.620817562,0.5699911679999999,0.531264194,0.515438641,0.504037346,0.503595761,0.500820086,0.554352224,0.5390855210000001,0.525404041,0.5009021020000001,0.483174255,0.47700473600000004,0.47388189399999997,0.46807892700000003,0.462909099,0.446737913
2017-12-18,0.618479267,0.571832528,0.588884683,0.626003028,0.624198839,0.59015897,0.620817562,0.5699911679999999,0.531264194,0.515438641,0.504037346,0.503595761,0.564963225,0.554352224,0.5390855210000001,0.525404041,0.5009021020000001,0.483174255,0.47700473600000004,0.47388189399999997,0.46807892700000003,0.462909099
2017-12-25,0.6396164520000001,0.5778877960000001,0.618479267,0.588884683,0.626003028,0.624198839,0.59015897,0.620817562,0.5699911679999999,0.531264194,0.515438641,0.504037346,0.571832528,0.564963225,0.554352224,0.5390855210000001,0.525404041,0.5009021020000001,0.483174255,0.47700473600000004,0.47388189399999997,0.46807892700000003
2018-01-01,0.65876861,0.582372123,0.6396164520000001,0.618479267,0.588884683,0.626003028,0.624198839,0.59015897,0.620817562,0.5699911679999999,0.531264194,0.515438641,0.5778877960000001,0.571832528,0.564963225,0.554352224,0.5390855210000001,0.525404041,0.5009021020000001,0.483174255,0.47700473600000004,0.47388189399999997
2018-01-08,0.7079106740000001,0.589227144,0.65876861,0.6396164520000001,0.618479267,0.588884683,0.626003028,0.624198839,0.59015897,0.620817562,0.5699911679999999,0.531264194,0.582372123,0.5778877960000001,0.571832528,0.564963225,0.554352224,0.5390855210000001,0.525404041,0.5009021020000001,0.483174255,0.47700473600000004
2018-01-15,0.729302296,0.596681979,0.7079106740000001,0.65876861,0.6396164520000001,0.618479267,0.588884683,0.626003028,0.624198839,0.59015897,0.620817562,0.5699911679999999,0.589227144,0.582372123,0.5778877960000001,0.571832528,0.564963225,0.554352224,0.5390855210000001,0.525404041,0.5009021020000001,0.483174255
2018-01-22,0.726942973,0.6088210789999999,0.729302296,0.7079106740000001,0.65876861,0.6396164520000001,0.618479267,0.588884683,0.626003028,0.624198839,0.59015897,0.620817562,0.596681979,0.589227144,0.582372123,0.5778877960000001,0.571832528,0.564963225,0.554352224,0.5390855210000001,0.525404041,0.5009021020000001
2018-01-29,0.750839011,0.620446052,0.726942973,0.729302296,0.7079106740000001,0.65876861,0.6396164520000001,0.618479267,0.588884683,0.626003028,0.624198839,0.59015897,0.6088210789999999,0.596681979,0.589227144,0.582372123,0.5778877960000001,0.571832528,0.564963225,0.554352224,0.5390855210000001,0.525404041
2018-02-05,0.736045925,0.632413776,0.750839011,0.726942973,0.729302296,0.7079106740000001,0.65876861,0.6396164520000001,0.618479267,0.588884683,0.626003028,0.624198839,0.620446052,0.6088210789999999,0.596681979,0.589227144,0.582372123,0.5778877960000001,0.571832528,0.564963225,0.554352224,0.5390855210000001
2018-02-12,0.654523089,0.6420012860000001,0.736045925,0.750839011,0.726942973,0.729302296,0.7079106740000001,0.65876861,0.6396164520000001,0.618479267,0.588884683,0.626003028,0.632413776,0.620446052,0.6088210789999999,0.596681979,0.589227144,0.582372123,0.5778877960000001,0.571832528,0.564963225,0.554352224
2018-02-19,0.661008075,0.64525266,0.654523089,0.736045925,0.750839011,0.726942973,0.729302296,0.7079106740000001,0.65876861,0.6396164520000001,0.618479267,0.588884683,0.6420012860000001,0.632413776,0.620446052,0.6088210789999999,0.596681979,0.589227144,0.582372123,0.5778877960000001,0.571832528,0.564963225
2018-02-26,0.671221297,0.641582367,0.661008075,0.654523089,0.736045925,0.750839011,0.726942973,0.729302296,0.7079106740000001,0.65876861,0.6396164520000001,0.618479267,0.64525266,0.6420012860000001,0.632413776,0.620446052,0.6088210789999999,0.596681979,0.589227144,0.582372123,0.5778877960000001,0.571832528
2018-03-05,0.671686012,0.638012044,0.671221297,0.661008075,0.654523089,0.736045925,0.750839011,0.726942973,0.729302296,0.7079106740000001,0.65876861,0.6396164520000001,0.641582367,0.64525266,0.6420012860000001,0.632413776,0.620446052,0.6088210789999999,0.596681979,0.589227144,0.582372123,0.5778877960000001
2018-03-12,0.637143578,0.632370932,0.671686012,0.671221297,0.661008075,0.654523089,0.736045925,0.750839011,0.726942973,0.729302296,0.7079106740000001,0.65876861,0.638012044,0.641582367,0.64525266,0.6420012860000001,0.632413776,0.620446052,0.6088210789999999,0.596681979,0.589227144,0.582372123
2018-03-19,0.656346202,0.6231166539999999,0.637143578,0.671686012,0.671221297,0.661008075,0.654523089,0.736045925,0.750839011,0.726942973,0.729302296,0.7079106740000001,0.632370932,0.638012044,0.641582367,0.64525266,0.6420012860000001,0.632413776,0.620446052,0.6088210789999999,0.596681979,0.589227144
2018-03-26,0.717732778,0.611220336,0.656346202,0.637143578,0.671686012,0.671221297,0.661008075,0.654523089,0.736045925,0.750839011,0.726942973,0.729302296,0.6231166539999999,0.632370932,0.638012044,0.641582367,0.64525266,0.6420012860000001,0.632413776,0.620446052,0.6088210789999999,0.596681979
2018-04-02,0.745830179,0.60540785,0.717732778,0.656346202,0.637143578,0.671686012,0.671221297,0.661008075,0.654523089,0.736045925,0.750839011,0.726942973,0.611220336,0.6231166539999999,0.632370932,0.638012044,0.641582367,0.64525266,0.6420012860000001,0.632413776,0.620446052,0.6088210789999999
2018-04-09,0.7153229879999999,0.6019660579999999,0.745830179,0.717732778,0.656346202,0.637143578,0.671686012,0.671221297,0.661008075,0.654523089,0.736045925,0.750839011,0.60540785,0.611220336,0.6231166539999999,0.632370932,0.638012044,0.641582367,0.64525266,0.6420012860000001,0.632413776,0.620446052
2018-04-16,0.7716797040000001,0.599081236,0.7153229879999999,0.745830179,0.717732778,0.656346202,0.637143578,0.671686012,0.671221297,0.661008075,0.654523089,0.736045925,0.6019660579999999,0.60540785,0.611220336,0.6231166539999999,0.632370932,0.638012044,0.641582367,0.64525266,0.6420012860000001,0.632413776
2018-04-23,0.801665405,0.602123152,0.7716797040000001,0.7153229879999999,0.745830179,0.717732778,0.656346202,0.637143578,0.671686012,0.671221297,0.661008075,0.654523089,0.599081236,0.6019660579999999,0.60540785,0.611220336,0.6231166539999999,0.632370932,0.638012044,0.641582367,0.64525266,0.6420012860000001
2018-04-30,0.8014319959999999,0.610420584,0.801665405,0.7716797040000001,0.7153229879999999,0.745830179,0.717732778,0.656346202,0.637143578,0.671686012,0.671221297,0.661008075,0.602123152,0.599081236,0.6019660579999999,0.60540785,0.611220336,0.6231166539999999,0.632370932,0.638012044,0.641582367,0.64525266
2018-05-07,0.817493061,0.630285864,0.8014319959999999,0.801665405,0.7716797040000001,0.7153229879999999,0.745830179,0.717732778,0.656346202,0.637143578,0.671686012,0.671221297,0.610420584,0.602123152,0.599081236,0.6019660579999999,0.60540785,0.611220336,0.6231166539999999,0.632370932,0.638012044,0.641582367
2018-05-14,0.874028514,0.653121652,0.817493061,0.8014319959999999,0.801665405,0.7716797040000001,0.7153229879999999,0.745830179,0.717732778,0.656346202,0.637143578,0.671686012,0.630285864,0.610420584,0.602123152,0.599081236,0.6019660579999999,0.60540785,0.611220336,0.6231166539999999,0.632370932,0.638012044
2018-05-21,0.893184877,0.691823959,0.874028514,0.817493061,0.8014319959999999,0.801665405,0.7716797040000001,0.7153229879999999,0.745830179,0.717732778,0.656346202,0.637143578,0.653121652,0.630285864,0.610420584,0.602123152,0.599081236,0.6019660579999999,0.60540785,0.611220336,0.6231166539999999,0.632370932
2018-05-28,0.890190512,0.738452384,0.893184877,0.874028514,0.817493061,0.8014319959999999,0.801665405,0.7716797040000001,0.7153229879999999,0.745830179,0.717732778,0.656346202,0.691823959,0.653121652,0.630285864,0.610420584,0.602123152,0.599081236,0.6019660579999999,0.60540785,0.611220336,0.6231166539999999
2018-06-04,0.8641117840000001,0.764387213,0.890190512,0.893184877,0.874028514,0.817493061,0.8014319959999999,0.801665405,0.7716797040000001,0.7153229879999999,0.745830179,0.717732778,0.738452384,0.691823959,0.653121652,0.630285864,0.610420584,0.602123152,0.599081236,0.6019660579999999,0.60540785,0.611220336
2018-06-11,0.837309698,0.7711708279999999,0.8641117840000001,0.890190512,0.893184877,0.874028514,0.817493061,0.8014319959999999,0.801665405,0.7716797040000001,0.7153229879999999,0.745830179,0.764387213,0.738452384,0.691823959,0.653121652,0.630285864,0.610420584,0.602123152,0.599081236,0.6019660579999999,0.60540785
2018-06-18,0.842776937,0.770342513,0.837309698,0.8641117840000001,0.890190512,0.893184877,0.874028514,0.817493061,0.8014319959999999,0.801665405,0.7716797040000001,0.7153229879999999,0.7711708279999999,0.764387213,0.738452384,0.691823959,0.653121652,0.630285864,0.610420584,0.602123152,0.599081236,0.6019660579999999
2018-06-25,0.821990916,0.766757908,0.842776937,0.837309698,0.8641117840000001,0.890190512,0.893184877,0.874028514,0.817493061,0.8014319959999999,0.801665405,0.7716797040000001,0.770342513,0.7711708279999999,0.764387213,0.738452384,0.691823959,0.653121652,0.630285864,0.610420584,0.602123152,0.599081236
2018-07-02,0.886724073,0.764258682,0.821990916,0.842776937,0.837309698,0.8641117840000001,0.890190512,0.893184877,0.874028514,0.817493061,0.8014319959999999,0.801665405,0.766757908,0.770342513,0.7711708279999999,0.764387213,0.738452384,0.691823959,0.653121652,0.630285864,0.610420584,0.602123152
2018-07-09,0.889026621,0.767700473,0.886724073,0.821990916,0.842776937,0.837309698,0.8641117840000001,0.890190512,0.893184877,0.874028514,0.817493061,0.8014319959999999,0.764258682,0.766757908,0.770342513,0.7711708279999999,0.764387213,0.738452384,0.691823959,0.653121652,0.630285864,0.610420584
2018-07-16,0.8647825720000001,0.772960751,0.889026621,0.886724073,0.821990916,0.842776937,0.837309698,0.8641117840000001,0.890190512,0.893184877,0.874028514,0.817493061,0.767700473,0.764258682,0.766757908,0.770342513,0.7711708279999999,0.764387213,0.738452384,0.691823959,0.653121652,0.630285864
2018-07-23,0.82833081,0.7763977809999999,0.8647825720000001,0.889026621,0.886724073,0.821990916,0.842776937,0.837309698,0.8641117840000001,0.890190512,0.893184877,0.874028514,0.772960751,0.767700473,0.764258682,0.766757908,0.770342513,0.7711708279999999,0.764387213,0.738452384,0.691823959,0.653121652
2018-07-30,0.839477668,0.778382881,0.82833081,0.8647825720000001,0.889026621,0.886724073,0.821990916,0.842776937,0.837309698,0.8641117840000001,0.890190512,0.893184877,0.7763977809999999,0.772960751,0.767700473,0.764258682,0.766757908,0.770342513,0.7711708279999999,0.764387213,0.738452384,0.691823959
2018-08-06,0.829687106,0.7854045159999999,0.839477668,0.82833081,0.8647825720000001,0.889026621,0.886724073,0.821990916,0.842776937,0.837309698,0.8641117840000001,0.890190512,0.778382881,0.7763977809999999,0.772960751,0.767700473,0.764258682,0.766757908,0.770342513,0.7711708279999999,0.764387213,0.738452384
2018-08-13,0.8002207920000001,0.792435674,0.829687106,0.839477668,0.82833081,0.8647825720000001,0.889026621,0.886724073,0.821990916,0.842776937,0.837309698,0.8641117840000001,0.7854045159999999,0.778382881,0.7763977809999999,0.772960751,0.767700473,0.764258682,0.766757908,0.770342513,0.7711708279999999,0.764387213
2018-08-20,0.776728489,0.796391593,0.8002207920000001,0.829687106,0.839477668,0.82833081,0.8647825720000001,0.889026621,0.886724073,0.821990916,0.842776937,0.837309698,0.792435674,0.7854045159999999,0.778382881,0.7763977809999999,0.772960751,0.767700473,0.764258682,0.766757908,0.770342513,0.7711708279999999
2018-08-27,0.82599672,0.798886058,0.776728489,0.8002207920000001,0.829687106,0.839477668,0.82833081,0.8647825720000001,0.889026621,0.886724073,0.821990916,0.842776937,0.796391593,0.792435674,0.7854045159999999,0.778382881,0.7763977809999999,0.772960751,0.767700473,0.764258682,0.766757908,0.770342513
2018-09-03,0.866521575,0.8034322709999999,0.82599672,0.776728489,0.8002207920000001,0.829687106,0.839477668,0.82833081,0.8647825720000001,0.889026621,0.886724073,0.821990916,0.798886058,0.796391593,0.792435674,0.7854045159999999,0.778382881,0.7763977809999999,0.772960751,0.767700473,0.764258682,0.766757908
2018-09-10,0.872747918,0.8158141529999999,0.866521575,0.82599672,0.776728489,0.8002207920000001,0.829687106,0.839477668,0.82833081,0.8647825720000001,0.889026621,0.886724073,0.8034322709999999,0.798886058,0.796391593,0.792435674,0.7854045159999999,0.778382881,0.7763977809999999,0.772960751,0.767700473,0.764258682
2018-09-17,0.88684288,0.842339277,0.872747918,0.866521575,0.82599672,0.776728489,0.8002207920000001,0.829687106,0.839477668,0.82833081,0.8647825720000001,0.889026621,0.8158141529999999,0.8034322709999999,0.798886058,0.796391593,0.792435674,0.7854045159999999,0.778382881,0.7763977809999999,0.772960751,0.767700473
2018-09-24,0.897583901,0.8753385859999999,0.88684288,0.872747918,0.866521575,0.82599672,0.776728489,0.8002207920000001,0.829687106,0.839477668,0.82833081,0.8647825720000001,0.842339277,0.8158141529999999,0.8034322709999999,0.798886058,0.796391593,0.792435674,0.7854045159999999,0.778382881,0.7763977809999999,0.772960751
2018-10-01,0.967600303,0.8965129829999999,0.897583901,0.88684288,0.872747918,0.866521575,0.82599672,0.776728489,0.8002207920000001,0.829687106,0.839477668,0.82833081,0.8753385859999999,0.842339277,0.8158141529999999,0.8034322709999999,0.798886058,0.796391593,0.792435674,0.7854045159999999,0.778382881,0.7763977809999999
2018-10-08,1.0,0.934177516,0.967600303,0.897583901,0.88684288,0.872747918,0.866521575,0.82599672,0.776728489,0.8002207920000001,0.829687106,0.839477668,0.8965129829999999,0.8753385859999999,0.842339277,0.8158141529999999,0.8034322709999999,0.798886058,0.796391593,0.792435674,0.7854045159999999,0.778382881
2018-10-15,0.9773908659999999,0.97119463,1.0,0.967600303,0.897583901,0.88684288,0.872747918,0.866521575,0.82599672,0.776728489,0.8002207920000001,0.829687106,0.934177516,0.8965129829999999,0.8753385859999999,0.842339277,0.8158141529999999,0.8034322709999999,0.798886058,0.796391593,0.792435674,0.7854045159999999
2018-10-22,0.931592228,0.994663557,0.9773908659999999,1.0,0.967600303,0.897583901,0.88684288,0.872747918,0.866521575,0.82599672,0.776728489,0.8002207920000001,0.97119463,0.934177516,0.8965129829999999,0.8753385859999999,0.842339277,0.8158141529999999,0.8034322709999999,0.798886058,0.796391593,0.792435674
2018-10-29,0.8858882159999999,0.9989860279999999,0.931592228,0.9773908659999999,1.0,0.967600303,0.897583901,0.88684288,0.872747918,0.866521575,0.82599672,0.776728489,0.994663557,0.97119463,0.934177516,0.8965129829999999,0.8753385859999999,0.842339277,0.8158141529999999,0.8034322709999999,0.798886058,0.796391593
2018-11-05,0.8244511729999999,1.0,0.8858882159999999,0.931592228,0.9773908659999999,1.0,0.967600303,0.897583901,0.88684288,0.872747918,0.866521575,0.82599672,0.9989860279999999,0.994663557,0.97119463,0.934177516,0.8965129829999999,0.8753385859999999,0.842339277,0.8158141529999999,0.8034322709999999,0.798886058
